{"AF-001":{"name":"Agalega Islands","locator":"LH89hp"},"AF-002":{"name":"Amsterdam & St Paul Islands","locator":"MF81sp"},"AF-003":{"name":"Ascension Island","locator":"II22td"},"AF-004":{"name":"Canary Islands","locator":"IL28dm"},"AF-005":{"name":"Cape Verde - Leeward Islands (aka Sotavento)","locator":"HK85ad"},"AF-006":{"name":"Diego Garcia Island","locator":"MI62gp"},"AF-007":{"name":"Comoro Islands","locator":"LH18wd"},"AF-008":{"name":"Crozet Islands","locator":"LE53ps"},"AF-009":{"name":"Europa Island","locator":"LG07ep"},"AF-010":{"name":"Bioco (Fernando Poo) Island","locator":"JJ43hm"},"AF-011":{"name":"Glorioso Islands","locator":"LH38pm"},"AF-012":{"name":"Juan de Nova Island","locator":"LH13ja"},"AF-013":{"name":"Madagascar","locator":"LH31md"},"AF-014":{"name":"Madeira Archipelago","locator":"IM12pv"},"AF-015":{"name":"Saint Brandon Islands","locator":"LH93sm"},"AF-016":{"name":"Reunion Island","locator":"LG78sv"},"AF-017":{"name":"Rodrigues Island","locator":"MH10qg"},"AF-018":{"name":"Pantelleria Island","locator":"JM56xs"},"AF-019":{"name":"Pelagie Islands","locator":"JM65hq"},"AF-020":{"name":"Bijagos Archipelago","locator":"IK11wg"},"AF-021":{"name":"Prince Edward and Marion Islands","locator":"KE83vg"},"AF-022":{"name":"St Helena Island","locator":"IH74db"},"AF-023":{"name":"Sao Tome Island","locator":"JJ30hf"},"AF-024":{"name":"Inner Islands","locator":"LI85ag"},"AF-025":{"name":"Aldabra Islands","locator":"LI30gj"},"AF-026":{"name":"Cosmoledo Islands","locator":"LI30sd"},"AF-027":{"name":"Mayotte Island","locator":"LH27nd"},"AF-028":{"name":"Socotra (Suqutra)","locator":"LK62pm"},"AF-029":{"name":"Tristan da Cunha Islands","locator":"IF32sr"},"AF-030":{"name":"Gough Island","locator":"IE59am"},"AF-031":{"name":"Tromelin Island","locator":"LH74ed"},"AF-032":{"name":"Zanzibar Island","locator":"KI93sq"},"AF-033":{"name":"Amirante Islands","locator":"LI64sa"},"AF-035":{"name":"Farquhar Islands","locator":"LI50pm"},"AF-036":{"name":"Chafarinas Islands","locator":"IM85te"},"AF-037":{"name":"Northern/Western Province Group","locator":"IJ38jn"},"AF-038":{"name":"Dahlak Archipelago","locator":"LK06bc"},"AF-039":{"name":"Annobon (Pagalu) Island","locator":"JI28to"},"AF-040":{"name":"Coast Province North Group","locator":"LI07ko"},"AF-041":{"name":"Egmont Group","locator":"MI53rp"},"AF-042":{"name":"Alboran Island","locator":"IM85lw"},"AF-043":{"name":"Estuaire Province Group","locator":"JJ40rj"},"AF-044":{"name":"Principe Island","locator":"JJ31qp"},"AF-045":{"name":"Senegal North Group","locator":"IK14lt"},"AF-046":{"name":"Desertas Islands","locator":"IM12sk"},"AF-047":{"name":"Selvagens Islands","locator":"IM20ad"},"AF-048":{"name":"Kerguelen Islands","locator":"ME40ts"},"AF-049":{"name":"Mauritius (Maurice) Island","locator":"LG89tu"},"AF-050":{"name":"Dakhlet Nouadhibou / Inchiri Region Group","locator":"IL10pc"},"AF-051":{"name":"Guinee-Maritime Province South Group","locator":"IJ39el"},"AF-052":{"name":"Indian Ocean Coast South Group","locator":"LI19gm"},"AF-053":{"name":"Gulf of Tadjoura Group","locator":"LK11lr"},"AF-054":{"name":"Mafia Island","locator":"KI92vd"},"AF-056":{"name":"Southern Province Group","locator":"IJ37uo"},"AF-057":{"name":"Madagascar's Coastal Islands West","locator":"LH31bd"},"AF-058":{"name":"Salomon Group","locator":"MI64am"},"AF-059":{"name":"Strait of Mandab Group","locator":"LK12pi"},"AF-060":{"name":"The Gambia Group","locator":"IK13oh"},"AF-061":{"name":"Cabo Delgado District Group","locator":"LH07hx"},"AF-062":{"name":"Suakin Archipelago","locator":"KK98cu"},"AF-063":{"name":"Pemba Island","locator":"KI94vu"},"AF-064":{"name":"Western Cape Province South West Group","locator":"JF96la"},"AF-065":{"name":"Safi / Essaouira / Agadir Region Group","locator":"IM51gj"},"AF-066":{"name":"Gaza / Maputo District Group","locator":"KG64se"},"AF-067":{"name":"Coast Province South Group","locator":"KI96uc"},"AF-068":{"name":"Western Sahara South Group","locator":"IL12xw"},"AF-069":{"name":"Alhucemas Island","locator":"IM85bf"},"AF-070":{"name":"Karas Region Group","locator":"JG73se"},"AF-072":{"name":"Inhambane District Group","locator":"KG77nc"},"AF-073":{"name":"Sfax Region Group","locator":"JM54jn"},"AF-074":{"name":"Lindi / Mtwara Region Group","locator":"KI90wo"},"AF-075":{"name":"Dar Es Salaam / Pwani Region Group","locator":"KI92ou"},"AF-076":{"name":"Bayelsa / Rivers / Akwa Ibom etc States Group","locator":"JJ34lq"},"AF-077":{"name":"Western Cape Province South Group","locator":"KF05vm"},"AF-078":{"name":"Senegal South Group","locator":"IK12oq"},"AF-079":{"name":"Eastern Cape Province Group","locator":"KF37kg"},"AF-080":{"name":"Red Sea Coast North Group","locator":"KK96tk"},"AF-081":{"name":"Red Sea Coast South Group","locator":"LK03wt"},"AF-082":{"name":"Rio Muni Province Group","locator":"JJ41so"},"AF-083":{"name":"Gabes / Medenine Region Group","locator":"JM53jp"},"AF-084":{"name":"Ghana Group","locator":"IJ95mj"},"AF-085":{"name":"Western Cape Province North West Group","locator":"JF97av"},"AF-086":{"name":"Cape Verde - Windward Islands (aka Barlavento)","locator":"HK86ap"},"AF-087":{"name":"Tanga Region Group","locator":"KI94mp"},"AF-088":{"name":"Nampula District Group","locator":"LH04at"},"AF-089":{"name":"Ogooue-Maritime Province Group","locator":"JI48pl"},"AF-090":{"name":"Madagascar's Coastal Islands East","locator":"LH41bd"},"AF-091":{"name":"Jendouba / Bizerte / Tunis / Nabeul Region Group","locator":"JM57ba"},"AF-092":{"name":"Sousse / Monastir / Mahdia Region Group","locator":"JM55mq"},"AF-093":{"name":"Guinea-Bissau Coastal Region Group","locator":"IK21bn"},"AF-094":{"name":"Mediterranean Sea Coast West Group","locator":"IM95us"},"AF-095":{"name":"Cameroon Group","locator":"JJ43pn"},"AF-096":{"name":"Guinee-Maritime Province North Group","locator":"IK20ti"},"AF-097":{"name":"Mediterranean Sea Coast Centre Group","locator":"JM16ss"},"AF-098":{"name":"Sofala District Group","locator":"KH70sc"},"AF-099":{"name":"Matruh Region Group","locator":"KM31rg"},"AF-100":{"name":"Bas-Congo Province Group","locator":"JI64ec"},"AF-101":{"name":"Red Sea Coast North Group","locator":"KL67tx"},"AF-102":{"name":"Erongo / Hardap Region Group","locator":"JG76cx"},"AF-103":{"name":"Zambezia District Group","locator":"KH82ue"},"AF-104":{"name":"Mediterranean Sea Coast East Group","locator":"JM36mv"},"AF-105":{"name":"Nyanga Province Group","locator":"JI56go"},"AF-106":{"name":"Cote d'Ivoire Group","locator":"IJ74is"},"AF-107":{"name":"Cuanza Sul / Benguela Province Group","locator":"JH68nc"},"AF-108":{"name":"Namibe Province Group","locator":"JH64ao"},"AF-109":{"name":"Nile Delta and Sinai Region Group","locator":"KM51xj"},"AF-110":{"name":"Red Sea Coast South Group","locator":"KL74pn"},"AF-111":{"name":"Liberia Group","locator":"IJ55fp"},"AF-112":{"name":"Mediterranean Sea Coast Centre Group","locator":"JM91jn"},"AF-113":{"name":"Mediterranean Sea Coast East Group","locator":"KM12ph"},"AF-114":{"name":"Halaib Triangle Group","locator":"KL82dn"},"AF-115":{"name":"Red Sea State Group","locator":"KL80ua"},"AF-116":{"name":"Gulf of Aden West Group","locator":"LK20hx"},"AF-117":{"name":"Gulf of Aden East Group","locator":"LK41hi"},"AF-118":{"name":"Mediterranean Sea Coast Group","locator":"IM75vk"},"AF-119":{"name":"Coetivy Island","locator":"LI82du"},"AN-001":{"name":"Graham Land West (Adelaide Island) group","locator":"FC62al"},"AN-002":{"name":"Bouvet Island","locator":"JD15qo"},"AN-003":{"name":"Heard Island","locator":"MD66sv"},"AN-004":{"name":"Peter 1 Island","locator":"EC41qd"},"AN-005":{"name":"Macquarie Island","locator":"QD95kj"},"AN-006":{"name":"Graham Land West (Biscoe Islands) group","locator":"FC74gf"},"AN-007":{"name":"South Georgia Island","locator":"HD15ql"},"AN-008":{"name":"South Orkney Islands","locator":"GC79dj"},"AN-009":{"name":"South Sandwich Islands","locator":"HD62ma"},"AN-010":{"name":"South Shetland Islands","locator":"GC07tv"},"AN-011":{"name":"Ross Island group","locator":"RB33sa"},"AN-012":{"name":"Graham Land West (Palmer Archipelago) group","locator":"FC95as"},"AN-013":{"name":"Trinity Peninsula group","locator":"GC16tm"},"AN-015":{"name":"Queen Maud Land (Prince Harald etc) group","locator":"LC01ag"},"AN-016":{"name":"Antarctica","locator":"JB03am"},"AN-017":{"name":"Adelie Land group","locator":"PC93mm"},"AN-018":{"name":"Palmer Land West (Alexander Island) group","locator":"FB39tg"},"AN-019":{"name":"Balleny Islands","locator":"RC12tv"},"AN-020":{"name":"Scott Island","locator":"AC02am"},"AN-021":{"name":"Shag Rocks","locator":"GD96dm"},"AS-001":{"name":"Andaman Islands","locator":"NK62nb"},"AS-002":{"name":"Bahrain Island","locator":"LL56ha"},"AS-003":{"name":"Sri Lanka Island","locator":"NJ07jv"},"AS-004":{"name":"Cyprus Island","locator":"KM65rd"},"AS-005":{"name":"Kara Sea Coast West group","locator":"NQ03df"},"AS-006":{"name":"Hong Kong group","locator":"OL72bi"},"AS-007":{"name":"Honshu Island","locator":"PM87fl"},"AS-008":{"name":"North Izu Islands","locator":"PM94qe"},"AS-009":{"name":"Red Sea Coast group","locator":"LK14hn"},"AS-010":{"name":"Zufar Region group","locator":"LK77ig"},"AS-011":{"name":"Lakshadweep Islands;Laccadive Islands","locator":"MK61jw"},"AS-012":{"name":"Kyushu's Coastal Islands","locator":"PM52ik"},"AS-013":{"name":"Maldive Islands","locator":"MJ63pg"},"AS-014":{"name":"Ash Sharqiyah / Al Wusta Region group","locator":"LL90bl"},"AS-015":{"name":"Pinang State group","locator":"OJ05di"},"AS-016":{"name":"Gulf of Aden West group","locator":"LK23nb"},"AS-017":{"name":"Okinawa Islands","locator":"PL37ra"},"AS-018":{"name":"Sakhalin Island","locator":"QO10ne"},"AS-019":{"name":"Singapore Island","locator":"OJ11wh"},"AS-020":{"name":"Taiwan Island","locator":"PL03mo"},"AS-021":{"name":"Trucial Coast group","locator":"LL65va"},"AS-022":{"name":"Medvezh'i Islands;Bear Islands","locator":"RQ00ss"},"AS-023":{"name":"Amami Islands","locator":"PL47os"},"AS-024":{"name":"Yaeyama Islands","locator":"PL14ti"},"AS-025":{"name":"Kuril'skiye (Kuril) Islands South","locator":"QN45ee"},"AS-026":{"name":"Cheju-do Province (Cheju Island) group","locator":"PM33gj"},"AS-027":{"name":"Vrangelya (Wrangel) Island","locator":"AQ01sf"},"AS-028":{"name":"Anzhu Islands","locator":"QQ15ok"},"AS-029":{"name":"Lyakhovskiye Islands","locator":"PQ93ss"},"AS-030":{"name":"Kazan (Volcano) Islands","locator":"QL04qu"},"AS-031":{"name":"Chichi / Haha / Muko Islands;Bonin Islands;Ogasawara","locator":"QL07vd"},"AS-032":{"name":"Osumi Islands","locator":"PM50gm"},"AS-033":{"name":"Nicobar Islands","locator":"NJ67pw"},"AS-036":{"name":"Iki / Tsushima Islands","locator":"PM44tf"},"AS-037":{"name":"Koshikijima Islands","locator":"PM41vs"},"AS-038":{"name":"East Siberian Sea Coast group","locator":"RP39sl"},"AS-039":{"name":"Komandorskiye (Commander) Islands","locator":"RO34kv"},"AS-040":{"name":"Goto Islands","locator":"PM42hs"},"AS-041":{"name":"Oki Islands","locator":"PM66nd"},"AS-042":{"name":"Severnaya Zemlya (North Land)","locator":"NQ99kp"},"AS-043":{"name":"South Izu Islands","locator":"QM01al"},"AS-044":{"name":"Sea of Okhotsk Coast Centre group","locator":"PO84ns"},"AS-045":{"name":"Kyongsang-bukto Prov (Ullung Island) group","locator":"PM57qh"},"AS-046":{"name":"Pahang / Johor State East group","locator":"OJ22as"},"AS-047":{"name":"Daito Islands","locator":"PL55of"},"AS-048":{"name":"De Longa Islands","locator":"QQ66pj"},"AS-049":{"name":"Tokara Islands","locator":"PL49qj"},"AS-050":{"name":"Sergeya Kirova Islands","locator":"NQ57dg"},"AS-051":{"name":"Spratly Islands","locator":"OJ79aa"},"AS-053":{"name":"Malay Peninsula West group","locator":"NJ98hl"},"AS-054":{"name":"Laptev Sea Coast West group","locator":"OQ27gd"},"AS-055":{"name":"Vize Island","locator":"MQ89jm"},"AS-056":{"name":"Danjo Islands","locator":"PM42ea"},"AS-057":{"name":"Uyedineniya Island","locator":"NQ17gm"},"AS-058":{"name":"Perlis / Kedah State group","locator":"NJ96va"},"AS-059":{"name":"Sea of Okhotsk Coast group","locator":"QO59fi"},"AS-060":{"name":"Cholla-namdo Province group","locator":"PM34iq"},"AS-061":{"name":"Ratmanova (Big Diomede) Island","locator":"AP55ks"},"AS-062":{"name":"Habomai Islands","locator":"QN33fp"},"AS-063":{"name":"Laptev Sea Coast East group","locator":"OQ44tt"},"AS-064":{"name":"Bering Sea Coast Centre group","locator":"RO38bw"},"AS-065":{"name":"Chukchi Sea Coast East group","locator":"AP37ic"},"AS-066":{"name":"Sea of Japan Coast group","locator":"PN74ks"},"AS-067":{"name":"Uji & Kusagaki Islands","locator":"PM41ra"},"AS-068":{"name":"Kara Sea Coast Centre group","locator":"NQ34gr"},"AS-069":{"name":"Iony Island","locator":"QO16qk"},"AS-070":{"name":"East Siberian Sea Coast East group","locator":"QQ80sg"},"AS-071":{"name":"Bering Sea Coast North group","locator":"AP35id"},"AS-072":{"name":"Perak State group","locator":"OJ04gl"},"AS-073":{"name":"Kelantan / Terengganu State group","locator":"OJ15ke"},"AS-074":{"name":"Selangor / Negeri Sembilan State group","locator":"OJ03qc"},"AS-075":{"name":"Macau group","locator":"OL62te"},"AS-076":{"name":"Shikoku Island","locator":"PM63ro"},"AS-077":{"name":"Kyushu Island","locator":"PM52kl"},"AS-078":{"name":"Hokkaido Island","locator":"QN13jk"},"AS-079":{"name":"Miyako Islands","locator":"PL24ms"},"AS-080":{"name":"Ch'ungch'ong-namdo Province group","locator":"PM36bm"},"AS-081":{"name":"Kyongsang-bukto / Kyongsang-namdo Province group","locator":"PM45it"},"AS-082":{"name":"Laptev Sea Coast Centre group","locator":"PQ32mi"},"AS-083":{"name":"Kara Sea Coast East group","locator":"MQ72ah"},"AS-084":{"name":"Cheju-do Province (Ch'uja Islands) group","locator":"PM33ex"},"AS-085":{"name":"Cholla-namdo Province (Soan Islands) group","locator":"PM34hd"},"AS-086":{"name":"Izvestiy TS.I.K Islands","locator":"NQ15gv"},"AS-087":{"name":"Arkticheskogo Instituta Islands","locator":"NQ15ai"},"AS-088":{"name":"Qatar group","locator":"LL55tj"},"AS-089":{"name":"Kara Sea Coast West group","locator":"MQ30po"},"AS-090":{"name":"Kyonggi-do Province (Tokchok Islands) group","locator":"PM37ac"},"AS-091":{"name":"Sea of Okhotsk Coast group","locator":"QO87sj"},"AS-092":{"name":"Bering Sea Coast South group","locator":"RP94jb"},"AS-093":{"name":"Cholla-namdo Province (Huksan Islands) group","locator":"PM24pj"},"AS-094":{"name":"Hainan Province (Hainan Island) group","locator":"OK59ac"},"AS-095":{"name":"Bering Sea Coast South group","locator":"RO04cc"},"AS-096":{"name":"Karnataka State group","locator":"MK73ft"},"AS-097":{"name":"Melaka / Johor State West group","locator":"OJ11jt"},"AS-098":{"name":"Aydin / Mugla Province group","locator":"KM47bb"},"AS-099":{"name":"Canakkale / Balikesir / Izmir Province group","locator":"KM38hw"},"AS-100":{"name":"Israel group","locator":"KM72jh"},"AS-101":{"name":"Malay Peninsula East group","locator":"NK90um"},"AS-102":{"name":"Kinmen (Quemoy) Island","locator":"OL94ek"},"AS-103":{"name":"P'enghu (Pescadores) Islands","locator":"OL93sl"},"AS-104":{"name":"Kara Sea Coast East group","locator":"NQ76sb"},"AS-105":{"name":"Kyonggi-do Province group","locator":"PM37cj"},"AS-106":{"name":"Minicoy Island","locator":"MJ68mg"},"AS-107":{"name":"Gulf of Thailand North group","locator":"OK02ls"},"AS-108":{"name":"Lebanon group","locator":"KM73su"},"AS-109":{"name":"Obskaya Gulf group","locator":"MP68vn"},"AS-110":{"name":"Tungsha (Pratas) Island","locator":"OL80jq"},"AS-111":{"name":"The Gulf group","locator":"LL46xj"},"AS-112":{"name":"Al Batinah / Masqat Region group","locator":"LL83ux"},"AS-113":{"name":"Matsu Islands","locator":"PL06de"},"AS-114":{"name":"Sea of Okhotsk Coast South group","locator":"QO01da"},"AS-115":{"name":"Antalya Province group","locator":"KM56lk"},"AS-116":{"name":"Huang Yan Island (Scarborough Reef)","locator":"OK85wc"},"AS-117":{"name":"Honshu's Coastal Islands West","locator":"PM65vp"},"AS-118":{"name":"Kuwait group","locator":"LL49dh"},"AS-119":{"name":"Musandam Region group","locator":"LL86eb"},"AS-120":{"name":"Cyprus's Coastal Islands","locator":"KM65rd"},"AS-121":{"name":"Nordenshel'da Archipelago","locator":"NQ86dt"},"AS-122":{"name":"Kyonggi-do Province West group","locator":"PM27iu"},"AS-123":{"name":"Icel / Adana / Hatay Province group","locator":"KM76ej"},"AS-124":{"name":"Gulf of Oman group","locator":"LL85eh"},"AS-125":{"name":"Gulf of Thailand North East group","locator":"OK12fa"},"AS-126":{"name":"Malay Peninsula South West group","locator":"NJ96tr"},"AS-127":{"name":"Chittagong Region group","locator":"NL51uo"},"AS-128":{"name":"Gulf of Thailand group","locator":"OJ29fi"},"AS-129":{"name":"Guangdong Province East group","locator":"OL72sq"},"AS-130":{"name":"South China Sea Coast South group","locator":"OJ39gl"},"AS-131":{"name":"Guangdong Province West group","locator":"OL51ul"},"AS-132":{"name":"Gulf of Tongking North group","locator":"OL30mr"},"AS-133":{"name":"Cambodia group","locator":"OK10tr"},"AS-134":{"name":"Hebei / Tianjin Province group","locator":"OM99id"},"AS-135":{"name":"Jiangsu Province group","locator":"PM03gi"},"AS-136":{"name":"Shanghai Province group","locator":"PM01th"},"AS-137":{"name":"Zhejiang Province North group","locator":"PL09tx"},"AS-138":{"name":"Fujian Province group","locator":"OL95lh"},"AS-139":{"name":"Guangxi Autonomous Region group","locator":"OL40kw"},"AS-140":{"name":"Khulna / Barisal Region group","locator":"NL52ae"},"AS-141":{"name":"Zhejiang Province South group","locator":"PL08qb"},"AS-142":{"name":"Sea of Okhotsk Coast group","locator":"QO83bi"},"AS-143":{"name":"Hainan Province (Xisha Islands) group;Paracel Islands","locator":"OK66ag"},"AS-144":{"name":"Tenasserim Region South group","locator":"NK91aj"},"AS-145":{"name":"Malay Peninsula South East group","locator":"OJ07mo"},"AS-146":{"name":"Shandong Province North East group","locator":"PM07qr"},"AS-147":{"name":"Hokkaido's Coastal Islands","locator":"QN13hk"},"AS-148":{"name":"Cholla-bukto Province group","locator":"PM35dt"},"AS-149":{"name":"Sakhalin's Coastal Islands","locator":"QO10me"},"AS-150":{"name":"Shandong Province South group","locator":"PM06la"},"AS-151":{"name":"Liaoning Province West group","locator":"PM09mt"},"AS-152":{"name":"Laptev Sea Coast West group","locator":"OQ83dx"},"AS-153":{"name":"West Bengal State group","locator":"NL41ds"},"AS-154":{"name":"Black Sea Coast East group","locator":"KN91dm"},"AS-155":{"name":"Taiwan's Coastal Islands","locator":"PL03ns"},"AS-156":{"name":"Ushakova Island","locator":"MR90vv"},"AS-157":{"name":"South China Sea Coast Centre group","locator":"OK41gi"},"AS-158":{"name":"Liaoning Province East group","locator":"PM19ig"},"AS-159":{"name":"Black Sea Coast West group","locator":"KN61ao"},"AS-160":{"name":"Shandong Province North West group","locator":"OM97kr"},"AS-161":{"name":"Kerala State group","locator":"MK80am"},"AS-162":{"name":"South China Sea Coast North group","locator":"OK44km"},"AS-163":{"name":"Laptev Sea Coast East group","locator":"PQ82sb"},"AS-164":{"name":"East Siberian Sea Coast West group","locator":"QQ31ss"},"AS-165":{"name":"Arakan Region group","locator":"NK69rb"},"AS-166":{"name":"Hormozgan Province group","locator":"LL76xj"},"AS-167":{"name":"Irrawaddy / Yangon / Pegu Region group","locator":"NK76rn"},"AS-168":{"name":"Kangwon-do Province group","locator":"PM47kv"},"AS-169":{"name":"Maharashtra State group","locator":"MK67nw"},"AS-170":{"name":"Shelikhova Bay group","locator":"QP90dl"},"AS-171":{"name":"Sri Lanka's Coastal Islands","locator":"NJ07jv"},"AS-172":{"name":"Sea of Okhotsk Coast North group","locator":"QO17cs"},"AS-173":{"name":"Tamil Nadu State group","locator":"MK90js"},"AS-174":{"name":"Chukchi Sea Coast West group","locator":"RP79pr"},"AS-175":{"name":"Gujarat State West group","locator":"ML42qf"},"AS-176":{"name":"Gujarat State East group","locator":"ML51ui"},"AS-177":{"name":"Goa State group","locator":"MK65wi"},"AS-178":{"name":"Andhra Pradesh State North group","locator":"NK17mq"},"AS-179":{"name":"Orissa State group","locator":"NL30cj"},"AS-180":{"name":"Balochistan Province group","locator":"ML25cd"},"AS-181":{"name":"Sindh Province group","locator":"ML34qg"},"AS-182":{"name":"Mon Region group","locator":"NK86qc"},"AS-183":{"name":"Tenasserim Region North group","locator":"NK94ab"},"AS-184":{"name":"Preparis Channel group","locator":"NK64rj"},"AS-185":{"name":"Gulf of Tongking South group","locator":"OK38lb"},"AS-186":{"name":"Syria group","locator":"KM75vg"},"AS-187":{"name":"Gulf of Aden East group","locator":"LK55ac"},"AS-188":{"name":"Khuzestan Province group","locator":"LM40pb"},"AS-189":{"name":"Bushehr Province group","locator":"LL58qs"},"AS-190":{"name":"Red Sea Coast North (Tabuk Province) group","locator":"KL76xw"},"AS-191":{"name":"Red Sea Coast Centre (Al Madinah / Makkah Province) group","locator":"KL91rg"},"AS-192":{"name":"Red Sea Coast South (Jizan Province) group","locator":"LK07vg"},"AS-193":{"name":"Farasan Islands","locator":"LK06vt"},"AS-194":{"name":"Senkaku Islands","locator":"PL25au"},"AS-195":{"name":"P'yongan-Bukto / P'yongan-Namdo Province group","locator":"PM29jh"},"AS-196":{"name":"Nam'p'o-si / Hwanghae-Namdo Province group","locator":"PM28qe"},"AS-197":{"name":"Hamgyong-Bukto / Hamgyong-Namdo Province group","locator":"PN40mt"},"AS-198":{"name":"Kangwon-do Province group","locator":"PM38ww"},"AS-199":{"name":"Andhra Pradesh State South group","locator":"NK04iv"},"AS-200":{"name":"Shikoku's Coastal Islands","locator":"PM63ro"},"AS-201":{"name":"Sea of Marmara Islands","locator":"KN30wq"},"AS-202":{"name":"Hawar Islands","locator":"LL55jp"},"AS-203":{"name":"Shelikhova Bay Group","locator":"RP10eu"},"AS-204":{"name":"Kuril'skiye (Kuril) Islands North","locator":"QN78au"},"AS-205":{"name":"Bering Sea Coast North group","locator":"RP60eu"},"AS-206":{"name":"Honshu’s Coastal Islands East","locator":"PM97pp"},"AS-207":{"name":"Chukchi Sea Coast Centre group","locator":"AP08gs"},"EU-001":{"name":"Dodecanese","locator":"KM36wj"},"EU-002":{"name":"Aland Islands","locator":"KP00ed"},"EU-003":{"name":"Eastern Azores group","locator":"HM77gj"},"EU-004":{"name":"Balearic Islands","locator":"JM19ji"},"EU-005":{"name":"Great Britain","locator":"IO84vg"},"EU-006":{"name":"Aran Islands","locator":"IO53dc"},"EU-007":{"name":"Blasket Islands","locator":"IO42rc"},"EU-008":{"name":"Inner Hebrides","locator":"IO66vp"},"EU-009":{"name":"Orkney","locator":"IO89hb"},"EU-010":{"name":"Outer Hebrides;Western Isles","locator":"IO67px"},"EU-011":{"name":"Isles of Scilly","locator":"IN69uw"},"EU-012":{"name":"Shetland","locator":"IP90hf"},"EU-013":{"name":"Jersey","locator":"IN89xf"},"EU-014":{"name":"Corsica Island","locator":"JN42me"},"EU-015":{"name":"Crete Island","locator":"KM25lh"},"EU-016":{"name":"Dalmatia South group","locator":"JN82lx"},"EU-017":{"name":"Eolie Islands;Lipari Islands","locator":"JM78jo"},"EU-018":{"name":"Faroe Islands","locator":"IP61mv"},"EU-019":{"name":"Franz Josef Land","locator":"LR70jt"},"EU-020":{"name":"Gotland County (Gotland Island) group","locator":"JO97hp"},"EU-021":{"name":"Iceland","locator":"IP04mx"},"EU-022":{"name":"Jan Mayen Island","locator":"IQ51sa"},"EU-023":{"name":"Malta group","locator":"JM75fx"},"EU-024":{"name":"Sardinia Island","locator":"JN40lb"},"EU-025":{"name":"Sicily Island","locator":"JM77al"},"EU-026":{"name":"Spitsbergen Island;Svalbard Island","locator":"JQ88bg"},"EU-027":{"name":"Bear Island;Bjornoya","locator":"JQ94nj"},"EU-028":{"name":"Toscana (Tuscany) Region group","locator":"JN53hc"},"EU-029":{"name":"Sjaelland Archipelago","locator":"JO55wj"},"EU-030":{"name":"Bornholm Island","locator":"JO75ld"},"EU-031":{"name":"Campania Region group","locator":"JN70io"},"EU-032":{"name":"Poitou-Charentes Region group","locator":"IN95hw"},"EU-033":{"name":"Vesteralen Islands / Troms County South","locator":"JP78ru"},"EU-034":{"name":"Hiiumaa / Saaremaa / Laanemaa County group","locator":"KO18ho"},"EU-035":{"name":"Novaya Zemlya","locator":"MQ03dt"},"EU-036":{"name":"Sor-Trondelag / More og Romsdal County North group","locator":"JP43hq"},"EU-037":{"name":"Kalmar County group","locator":"JO87hc"},"EU-038":{"name":"Noord Holland / Friesland / Groningen Province group","locator":"JO22vw"},"EU-039":{"name":"Chausey Islands","locator":"IN98cv"},"EU-040":{"name":"Estremadura Province group","locator":"IM59jd"},"EU-041":{"name":"Maddalena Archipelago","locator":"JN41qf"},"EU-042":{"name":"Schleswig-Holstein State North West group","locator":"JO44hq"},"EU-043":{"name":"Goteborg och Bohus / Halland County group","locator":"JO57xs"},"EU-044":{"name":"Finnmark County West group","locator":"KQ10wo"},"EU-045":{"name":"Lazio Region group","locator":"JN61hn"},"EU-046":{"name":"Troms County group","locator":"JP99pm"},"EU-047":{"name":"Niedersachsen State group","locator":"JO33vo"},"EU-048":{"name":"Bretagne (Morbihan) Region group","locator":"IN87lm"},"EU-049":{"name":"North Aegean Islands (Voreio Aigaio)","locator":"KM38as"},"EU-050":{"name":"Puglia (Foggia) Region group","locator":"JN71ut"},"EU-051":{"name":"Ustica Island","locator":"JM68or"},"EU-052":{"name":"Ipeiros / Dytiki Ellas Region group","locator":"KM08gn"},"EU-053":{"name":"Market Reef","locator":"JP90nh"},"EU-054":{"name":"Egadi Islands","locator":"JM67cx"},"EU-055":{"name":"Sogn og Fjordane / Hordaland / Rogaland County group","locator":"JP20qg"},"EU-056":{"name":"More og Romsdal County Centre group","locator":"JP32hp"},"EU-057":{"name":"Mecklenburg-Vorpommern State group","locator":"JO64fh"},"EU-058":{"name":"Provence-Cote d'Azur (Alpes Maritimes) Region group","locator":"JN33op"},"EU-059":{"name":"St Kilda","locator":"IO57ru"},"EU-060":{"name":"Sterea Ellas Region group","locator":"KM18ul"},"EU-061":{"name":"Vest Agder to Ostfold County group","locator":"JO48jq"},"EU-062":{"name":"Nordland / Nord-Trondelag County group","locator":"JP66qj"},"EU-063":{"name":"Spitsbergen's Coastal Islands;Svalbard's Coastal Islands","locator":"KQ18am"},"EU-064":{"name":"Pays de la Loire Region group","locator":"IN96bu"},"EU-065":{"name":"Bretagne (Finistere North West) Region group","locator":"IN78ph"},"EU-066":{"name":"Solovetskiye Islands","locator":"KP75wb"},"EU-067":{"name":"Kyklades (Cyclades)","locator":"KM27nc"},"EU-068":{"name":"Bretagne (Finistere South West) Region group","locator":"IN77qw"},"EU-069":{"name":"Columbretes Islands","locator":"JM09hu"},"EU-070":{"name":"Provence-Cote d'Azur (Var) Region group","locator":"JN33df"},"EU-071":{"name":"Vestmannaeyjay (Westman Islands)","locator":"HP93tj"},"EU-072":{"name":"Thessalia Region group","locator":"KM19sl"},"EU-073":{"name":"Puglia (Taranto) Region group","locator":"JN80pj"},"EU-074":{"name":"Bretagne (Cotes-d'Armor Centre) Region group","locator":"IN88nu"},"EU-075":{"name":"Peloponnisos (Argolis) / Attiki Region group","locator":"KM17qq"},"EU-076":{"name":"Lofoten Islands","locator":"JP67rw"},"EU-077":{"name":"La Coruna / Lugo Province group","locator":"IN53vd"},"EU-078":{"name":"Gerona Province group","locator":"JN12nb"},"EU-079":{"name":"More og Romsdal County South group","locator":"JP22ug"},"EU-080":{"name":"Pontevedra Province group","locator":"IN52nf"},"EU-081":{"name":"Basse-Normandie (Manche East) Region group","locator":"IN99fo"},"EU-082":{"name":"Barents Sea Coast West group","locator":"KP69wk"},"EU-083":{"name":"Liguria Region group","locator":"JN44jc"},"EU-084":{"name":"Uppsala / Stockholm County group","locator":"JO99fq"},"EU-085":{"name":"Kolguev Island","locator":"LP49pb"},"EU-086":{"name":"Pechorskoye Sea Coast East group","locator":"MP09sj"},"EU-087":{"name":"Vasternorrland County group","locator":"JP92et"},"EU-088":{"name":"Kattegat group","locator":"JO57pa"},"EU-089":{"name":"Western Azores group","locator":"HM49km"},"EU-090":{"name":"Palagruza Islands","locator":"JN82dj"},"EU-091":{"name":"Puglia (Lecce / Brindisi / Bari) Region group","locator":"JN80qn"},"EU-092":{"name":"Summer Isles","locator":"IO77gx"},"EU-093":{"name":"Alicante / Murcia Province group","locator":"IM98qd"},"EU-094":{"name":"Bretagne (Finistere South) Region group","locator":"IN87as"},"EU-095":{"name":"Provence-Cote d'Azur (Bouches du Rhone) Region group","locator":"JN23lh"},"EU-096":{"name":"Lansi-Suomi (Turku) Province group","locator":"KP00wh"},"EU-097":{"name":"Etela-Suomi (Uusimaa) Province group","locator":"KP20ia"},"EU-099":{"name":"Les Minquiers Islands","locator":"IN88wx"},"EU-100":{"name":"Cerbicales Islands","locator":"JN41qn"},"EU-101":{"name":"Lansi-Suomi (Vaasa) Province group","locator":"KP13bb"},"EU-102":{"name":"Pechorskoye Sea Coast Centre group","locator":"LP78mo"},"EU-103":{"name":"Saltee Islands","locator":"IO62qc"},"EU-104":{"name":"Sanguinaires Islands","locator":"JN41hv"},"EU-105":{"name":"Bretagne (Finistere North) Region group","locator":"IN78vp"},"EU-106":{"name":"St Tudwal's Islands","locator":"IO72st"},"EU-107":{"name":"Bretagne (Cotes-d'Armor West) Region group","locator":"IN88ht"},"EU-108":{"name":"Treshnish Isles","locator":"IO66sl"},"EU-109":{"name":"Farne Islands","locator":"IO95ep"},"EU-110":{"name":"Istra group","locator":"JN65wd"},"EU-111":{"name":"Monach Islands","locator":"IO67em"},"EU-112":{"name":"Shiant Islands","locator":"IO67tv"},"EU-113":{"name":"Peloponnisos (Lakonia) / Kythira Region group","locator":"KM16nk"},"EU-114":{"name":"Guernsey group","locator":"IN89sn"},"EU-115":{"name":"Ireland (Ireland / Northern Ireland)","locator":"IO53xj"},"EU-116":{"name":"Isle of Man","locator":"IO74rg"},"EU-117":{"name":"Gulf of Finland North Group","locator":"KP40bk"},"EU-118":{"name":"Flannan Isles","locator":"IO68eg"},"EU-119":{"name":"White Sea Coast East group","locator":"LP16fj"},"EU-120":{"name":"English Coastal Islands","locator":"IO92at"},"EU-121":{"name":"Irish Coastal Islands","locator":"IO53uj"},"EU-122":{"name":"Northern Irish Coastal Islands","locator":"IO64wq"},"EU-123":{"name":"Scottish Coastal Islands","locator":"IO86ap"},"EU-124":{"name":"Welsh Coastal Islands","locator":"IO72vk"},"EU-125":{"name":"Jylland West group","locator":"JO45et"},"EU-126":{"name":"Lappi Province group","locator":"KP25hq"},"EU-127":{"name":"Schleswig-Holstein State South West group","locator":"JO44ec"},"EU-128":{"name":"Schleswig-Holstein State East group","locator":"JO54fk"},"EU-129":{"name":"Usedom Island;Uznam Island","locator":"JO74aa"},"EU-130":{"name":"Friuli-Venezia Giulia Region group","locator":"JN65rq"},"EU-131":{"name":"Veneto Region group","locator":"JN65hf"},"EU-132":{"name":"Szczecin / Koszalin Province group","locator":"JO74qd"},"EU-133":{"name":"Gulf of Finland South group","locator":"KO49fu"},"EU-134":{"name":"Bilbao / San Sebastian (Basque Country) Province group","locator":"IN83sj"},"EU-135":{"name":"Vasterbotten County group","locator":"KP04ff"},"EU-136":{"name":"Kvarner group","locator":"JN74jv"},"EU-137":{"name":"Skane County group","locator":"JO65rv"},"EU-138":{"name":"Blekinge County group","locator":"JO76pd"},"EU-139":{"name":"Norrbotten County group","locator":"KP15kk"},"EU-140":{"name":"Etela-Suomi (Kymi) Province group","locator":"KP30oj"},"EU-141":{"name":"Finnmark County East group","locator":"KQ40lm"},"EU-142":{"name":"Oviedo / Santander Province group","locator":"IN73km"},"EU-143":{"name":"Cadiz / Huelva Province group","locator":"IM66uo"},"EU-144":{"name":"Calabria / Basilicata region group","locator":"JM89fd"},"EU-145":{"name":"Algarve Province group","locator":"IM57ve"},"EU-146":{"name":"Zuid Holland / Zeeland Province group","locator":"JO11xu"},"EU-147":{"name":"White Sea Coast group","locator":"KP75lg"},"EU-148":{"name":"Languedoc-Roussillon Region group","locator":"JN12tx"},"EU-149":{"name":"Tallinn & Harjumaa / Virumaa County group","locator":"KO29wm"},"EU-150":{"name":"Minho / Douro Litoral / Beira Litoral Province group","locator":"IN50nu"},"EU-151":{"name":"Castellon / Valencia Province group","locator":"JM09bq"},"EU-152":{"name":"Almeria / Grande / Malaga Province group","locator":"IM86gu"},"EU-153":{"name":"White Sea Coast West group","locator":"KP94gu"},"EU-156":{"name":"Basse-Normandie (Manche West) Region group","locator":"IN99df"},"EU-157":{"name":"Bretagne (Cotes-d'Armor East / Ille et Vilaine) Region group","locator":"IN88xq"},"EU-158":{"name":"Peloponnisos (Messinia) Region group","locator":"KM07wa"},"EU-159":{"name":"Aquitaine Region group","locator":"IN94gl"},"EU-160":{"name":"Barents Sea Coast group","locator":"LP27tn"},"EU-161":{"name":"Barents Sea Coast East group","locator":"KP97pp"},"EU-162":{"name":"White Sea Coast group","locator":"KP86do"},"EU-163":{"name":"Montenegro group;Crna Gora group","locator":"JN92lc"},"EU-164":{"name":"Corsica's Coastal Islands","locator":"JN42me"},"EU-165":{"name":"Sardinia's Coastal Islands","locator":"JN40lb"},"EU-166":{"name":"Sicily's Coastal Islands","locator":"JM77al"},"EU-167":{"name":"Baixo Alentejo Province group","locator":"IM57nx"},"EU-168":{"name":"Iceland's Coastal Islands","locator":"IP04mx"},"EU-169":{"name":"Albania group","locator":"JN90ts"},"EU-170":{"name":"Dalmatia North group","locator":"JN74od"},"EU-171":{"name":"Jylland North group","locator":"JO47rg"},"EU-172":{"name":"Jylland East and Fyn group","locator":"JO55dq"},"EU-173":{"name":"Lansi-Suomi (Pori) Province group","locator":"KP01qm"},"EU-174":{"name":"Makedonia / Thraki Region group","locator":"KN20dk"},"EU-175":{"name":"Central Azores group","locator":"HM68dp"},"EU-176":{"name":"Gavleborg County group","locator":"JP81qj"},"EU-177":{"name":"Sodermanland / Ostergotland County group","locator":"JO88pl"},"EU-178":{"name":"Parnumaa County / Saaremaa County South group","locator":"KO18vc"},"EU-179":{"name":"Black Sea Coast group","locator":"KN66fh"},"EU-180":{"name":"Black Sea Coast group","locator":"KN75gf"},"EU-181":{"name":"Bulgaria group","locator":"KN42au"},"EU-182":{"name":"Black Sea Coast group","locator":"KN55ew"},"EU-183":{"name":"Romania group","locator":"KN44nl"},"EU-184":{"name":"Oulu Province group","locator":"KP24gu"},"EU-185":{"name":"Black Sea Coast group","locator":"KN94dj"},"EU-186":{"name":"Turkey group","locator":"KN30cj"},"EU-187":{"name":"Crete's Coastal Islands","locator":"KM25lf"},"EU-188":{"name":"Pechorskoye Sea Coast West group","locator":"LP58ab"},"EU-189":{"name":"Isle of Rockall","locator":"IO37do"},"EU-190":{"name":"Viktoriya Island","locator":"KR80kd"},"EU-191":{"name":"Fericirii Island","locator":"KN45ve"},"EU-192":{"name":"Kataja Island","locator":"KP25bq"},"NA-001":{"name":"Great Bahama Bank group","locator":"FL13sp"},"NA-002":{"name":"Caicos Islands","locator":"FL41cn"},"NA-003":{"name":"Turks Islands","locator":"FL41kj"},"NA-004":{"name":"North Slope Borough Centre group","locator":"BQ40no"},"NA-005":{"name":"Bermuda Islands","locator":"FM72pi"},"NA-006":{"name":"Nunavut (Victoria Island) group","locator":"DQ41wd"},"NA-007":{"name":"Nunavut (Southampton Island) group","locator":"EP74vg"},"NA-008":{"name":"Nunavut (Ellesmere Island) group","locator":"FQ19ss"},"NA-009":{"name":"Nunavut (Devon Island) group","locator":"EQ36qd"},"NA-010":{"name":"Nova Scotia Province (Cape Breton Island) group","locator":"FN96qg"},"NA-011":{"name":"Clipperton Island","locator":"DK50jh"},"NA-012":{"name":"Coco's Island","locator":"EJ65ln"},"NA-013":{"name":"Caribbean Sea Coast Centre group","locator":"EK82js"},"NA-014":{"name":"New Brunswick Province South group","locator":"FN75cd"},"NA-015":{"name":"Cuba (main island and coastal islands not qualifying for other groups)","locator":"FL01fm"},"NA-016":{"name":"Cayman Islands","locator":"EK99rm"},"NA-017":{"name":"Baja California State South West group","locator":"DL29la"},"NA-018":{"name":"Greenland (main island and coastal islands not qualifying for other groups)","locator":"GQ81pv"},"NA-019":{"name":"Kodiak group","locator":"BO37jr"},"NA-020":{"name":"Aves Island","locator":"FK85er"},"NA-021":{"name":"Barbados","locator":"GK03fd"},"NA-022":{"name":"Anguilla","locator":"FK88jj"},"NA-023":{"name":"British Virgin Islands","locator":"FK78rm"},"NA-024":{"name":"Grenada","locator":"FK92dc"},"NA-025":{"name":"The Grenadines","locator":"FK92it"},"NA-026":{"name":"New York State group","locator":"FN30lv"},"NA-027":{"name":"Newfoundland Island (main island and coastal islands not qualifying for other groups)","locator":"GN19xd"},"NA-028":{"name":"Pribilof Islands","locator":"AO56aw"},"NA-029":{"name":"Prince Edward Island (include satellite islands)","locator":"FN86jn"},"NA-030":{"name":"Revillagigedo Islands","locator":"DK49fa"},"NA-031":{"name":"Rhode Island State group","locator":"FN41fj"},"NA-032":{"name":"St Pierre and Miquelon Islands","locator":"GN16ux"},"NA-033":{"name":"San Andres Island","locator":"EK92ei"},"NA-034":{"name":"Florida State Centre West (Pasco to Sarasota County) group","locator":"EL87pr"},"NA-035":{"name":"Santanilla Islands;Swan Islands;Cisne Islands","locator":"EK87bj"},"NA-036":{"name":"British Columbia Province (Vancouver Island) group","locator":"CN69vp"},"NA-037":{"name":"Near Islands (Semichi Islands) group","locator":"RO72aq"},"NA-038":{"name":"Quebec Province (La Madeleine Islands) group","locator":"FN97dm"},"NA-039":{"name":"Andreanof Islands","locator":"AO22ja"},"NA-040":{"name":"St Lawrence Island","locator":"AP43vh"},"NA-041":{"name":"Alexander Archipelago","locator":"CO36dp"},"NA-042":{"name":"Valdez Cordova Census Area West group","locator":"BP60kd"},"NA-043":{"name":"Nunavut (Sverdrup Islands) group","locator":"EQ29dm"},"NA-044":{"name":"Newfoundland Province (Labrador) South group","locator":"GO12pv"},"NA-045":{"name":"Quintana Roo State North group","locator":"EL61lh"},"NA-046":{"name":"Massachusetts State South (Bristol to Barnstable County) group","locator":"FN41rl"},"NA-047":{"name":"Nunavut (Baffin Island) group","locator":"FP27eu"},"NA-048":{"name":"Bimini Islands","locator":"FL05kk"},"NA-049":{"name":"Providencia Island (include Santa Catalina)","locator":"EK93hi"},"NA-050":{"name":"North Slope Borough East group","locator":"BQ70tb"},"NA-051":{"name":"BC Province (Haida Gwaii) group","locator":"CO33wb"},"NA-052":{"name":"Florida State South West (Collier / Monroe County) group","locator":"EL95hr"},"NA-053":{"name":"Trinity Islands","locator":"BO26tm"},"NA-054":{"name":"Berry Islands","locator":"FL15cp"},"NA-055":{"name":"Maine State East (Knox to Washington County) group","locator":"FN54wj"},"NA-056":{"name":"La Juventud Island","locator":"EL81us"},"NA-057":{"name":"Bahia Islands","locator":"EK66tg"},"NA-058":{"name":"Georgia State group","locator":"EM91kj"},"NA-059":{"name":"Fox Islands","locator":"AO63vv"},"NA-060":{"name":"Valle / Choluteca Department group","locator":"EK63ff"},"NA-061":{"name":"British Columbia Province North group","locator":"CO53la"},"NA-062":{"name":"Florida State (Florida Keys) group","locator":"EL95ka"},"NA-063":{"name":"Sable Island","locator":"GN03ax"},"NA-064":{"name":"Near Islands (Agattu and Attu) group","locator":"RO62mr"},"NA-065":{"name":"Washington State North group","locator":"CN88nd"},"NA-066":{"name":"California State South (Orange / San Diego County) group","locator":"DM03td"},"NA-067":{"name":"North Carolina State East (Carteret to Currituck County) group","locator":"FM25am"},"NA-068":{"name":"New Brunswick Province North group","locator":"FN77la"},"NA-069":{"name":"Florida State South West (Charlotte / Lee County) group","locator":"EL86wp"},"NA-070":{"name":"Rat Islands","locator":"RO81vv"},"NA-071":{"name":"Chiriqui / Veraguas South Province group","locator":"EJ97cs"},"NA-072":{"name":"Panama / Darien Province group","locator":"FJ08mc"},"NA-073":{"name":"Corozal / Belize District group","locator":"EK57xt"},"NA-074":{"name":"Nunivak Island","locator":"AP60sc"},"NA-075":{"name":"British Columbia Province (Gulf Islands) group","locator":"CN88gv"},"NA-076":{"name":"Florida State North West (Jefferson to Hernando County) group","locator":"EL89hg"},"NA-077":{"name":"Quebec Province (Anticosti Island) group","locator":"FN89lm"},"NA-078":{"name":"Baja California Sur State South West group","locator":"DL44jd"},"NA-079":{"name":"Florida State (Dry Tortugas Islands) group","locator":"EL84mp"},"NA-080":{"name":"Little Bahama Bank group","locator":"FL16ao"},"NA-081":{"name":"Nova Scotia Province East group","locator":"FN84im"},"NA-082":{"name":"Mississippi State group","locator":"EM50mg"},"NA-083":{"name":"Virginia State group","locator":"FM27dg"},"NA-084":{"name":"Quebec Province (St Lawrence Gulf) East group","locator":"GO00lt"},"NA-085":{"name":"Florida State North West (Bay to Wakulla County) group","locator":"EL79lv"},"NA-086":{"name":"Ciego de Avila / Camaguey Province North group","locator":"FL12ac"},"NA-087":{"name":"Shumagin Islands","locator":"BO05ae"},"NA-088":{"name":"Bocas del Toro Province group","locator":"EJ99be"},"NA-089":{"name":"Louisiana State East (St Bernard Parish) group","locator":"EL59it"},"NA-090":{"name":"Quintana Roo State Centre group","locator":"EL60mh"},"NA-091":{"name":"British Columbia Province South group","locator":"CO70ka"},"NA-092":{"name":"Texas State West (Cameron to Calhoun County) group","locator":"EL17md"},"NA-093":{"name":"Pinar del Rio / La Habana Province group","locator":"EL82hm"},"NA-094":{"name":"St Paul Island","locator":"FN97ve"},"NA-095":{"name":"Desecheo Island","locator":"FK68gj"},"NA-096":{"name":"Hispaniola","locator":"FK48ht"},"NA-097":{"name":"Jamaica","locator":"FK17ms"},"NA-098":{"name":"Navassa Island","locator":"FK28lj"},"NA-099":{"name":"Puerto Rico","locator":"FK68sf"},"NA-100":{"name":"Antigua and Barbuda","locator":"FK87xh"},"NA-101":{"name":"Dominica","locator":"FK95hk"},"NA-102":{"name":"Guadeloupe","locator":"FK96ge"},"NA-103":{"name":"Montserrat","locator":"FK86vs"},"NA-104":{"name":"St Kitts and Nevis","locator":"FK87pg"},"NA-105":{"name":"St Martin;Sint Maarten","locator":"FK88kb"},"NA-106":{"name":"Virgin Islands","locator":"FK78nb"},"NA-107":{"name":"Martinique","locator":"FK94mp"},"NA-108":{"name":"St Lucia","locator":"FK93mw"},"NA-109":{"name":"St Vincent","locator":"FK93jf"},"NA-110":{"name":"South Carolina State group","locator":"FM02dx"},"NA-111":{"name":"New Jersey State group","locator":"FM29pq"},"NA-112":{"name":"North Carolina State West (Brunswick to Carteret County) group","locator":"FM14eg"},"NA-113":{"name":"South Bahamas group","locator":"FL32fa"},"NA-114":{"name":"Les Saintes Islands","locator":"FK95eu"},"NA-115":{"name":"Clarion Island","locator":"DK28pj"},"NA-116":{"name":"Puntarenas Province West group","locator":"EJ79qs"},"NA-117":{"name":"Puntarenas Province East group","locator":"EJ88gq"},"NA-118":{"name":"British Columbia Province (Dundas Islands) group","locator":"CO44mm"},"NA-119":{"name":"Louisiana State Centre (Terrebonne Parish) group","locator":"EL49nf"},"NA-120":{"name":"Louisiana State West (Cameron to St Mary Parish) group","locator":"EL39ro"},"NA-121":{"name":"Dillingham Census Area group","locator":"BO08kq"},"NA-122":{"name":"Dominican Republic's Coastal Islands","locator":"FK58as"},"NA-123":{"name":"Turneffe Islands","locator":"EK67dj"},"NA-124":{"name":"Baja California Sur State South East group","locator":"DL44vd"},"NA-125":{"name":"Quebec Province (St Lawrence Gulf) West group","locator":"FN69ss"},"NA-126":{"name":"Nova Scotia Province South group","locator":"FN73fp"},"NA-127":{"name":"Nova Scotia Province West group","locator":"FN74gu"},"NA-128":{"name":"Quebec Province (St Lawrence Waterway) group","locator":"FN58eb"},"NA-129":{"name":"NWT (Banks Island) group","locator":"CQ92ps"},"NA-130":{"name":"Nunavut (Baffin's Coastal Islands) East group","locator":"FP37go"},"NA-131":{"name":"Nunavut (Kitikmeot Region) East Centre group","locator":"EP09bd"},"NA-132":{"name":"Bajo Nuevo and Serranilla Bank Cays","locator":"FK05iu"},"NA-133":{"name":"Serrana Bank and Roncador Cays","locator":"EK93qx"},"NA-134":{"name":"Greenland's Coastal Islands North West","locator":"GQ05hg"},"NA-135":{"name":"Campeche State group","locator":"EL40gl"},"NA-136":{"name":"Connecticut State group","locator":"FN31od"},"NA-137":{"name":"Maine State West (York to Knox County) group","locator":"FN53am"},"NA-138":{"name":"Florida State North East (Brevard to Nassau County) group","locator":"EL99mg"},"NA-139":{"name":"Maryland State East group","locator":"FM28jf"},"NA-140":{"name":"Maryland State West group","locator":"FM18wl"},"NA-141":{"name":"Florida State South East (Dade to Indian River County) group","locator":"EL96vr"},"NA-142":{"name":"Florida State North West (Escambia to Walton County) group","locator":"EM60oh"},"NA-143":{"name":"Texas State East (Matagorda to Jefferson County) group","locator":"EL29ka"},"NA-144":{"name":"California State South (Santa Barbara to Los Angeles County) group","locator":"DM04hh"},"NA-145":{"name":"Sint Eustatius and Saba Islands","locator":"FK87jo"},"NA-146":{"name":"St Barthelemy Island","locator":"FK87nv"},"NA-147":{"name":"The Grenadines","locator":"FK92gj"},"NA-148":{"name":"Massachusetts State North (Barnstable to Essex County) group","locator":"FN42sh"},"NA-149":{"name":"Haiti's Coastal Islands","locator":"FK39kb"},"NA-150":{"name":"Little Diomede Island","locator":"AP55nq"},"NA-151":{"name":"Greenland's Coastal Islands South East","locator":"HP03ed"},"NA-152":{"name":"Nome Census Area North group","locator":"AP65tp"},"NA-153":{"name":"Yucatan State group","locator":"EL51ms"},"NA-154":{"name":"Nova Scotia Province North group","locator":"FN85sm"},"NA-155":{"name":"Limon Province group","locator":"EK80kg"},"NA-156":{"name":"Nunavut (Hudson Bay - Quebec Coast) North West group","locator":"FP33jd"},"NA-157":{"name":"Valdez Cordova Census Area East group","locator":"BP80ib"},"NA-158":{"name":"Kenai - Cook Inlet group","locator":"BO49av"},"NA-159":{"name":"Nunavut (King George Islands) group","locator":"FO07gs"},"NA-160":{"name":"Cortes / Atlantida / Colon Department group","locator":"EK65qu"},"NA-161":{"name":"Hoonah-Angoon Census Area group","locator":"CO18sm"},"NA-162":{"name":"Baja California State North West group","locator":"DM11rg"},"NA-163":{"name":"Baja California State East group","locator":"DL39cv"},"NA-164":{"name":"Baja California Sur State North West group","locator":"DL36ds"},"NA-165":{"name":"Baja California Sur State North East group","locator":"DL46ds"},"NA-166":{"name":"Sonora State South group","locator":"DL47rh"},"NA-167":{"name":"Sonora State North group","locator":"DM30jd"},"NA-168":{"name":"Louisiana State South East (Lafourche to Plaquemines Parish) group","locator":"EL59df"},"NA-169":{"name":"Washington State West group","locator":"CN77wi"},"NA-170":{"name":"San Blas Province group","locator":"FJ09ve"},"NA-171":{"name":"Sinaloa State group","locator":"DL64ei"},"NA-172":{"name":"North Slope Borough North group","locator":"BQ10jx"},"NA-173":{"name":"Nunavut (Hudson Bay - Quebec Coast) South group","locator":"FO03qq"},"NA-174":{"name":"Nunavut (Foxe Basin) group","locator":"FP07qp"},"NA-175":{"name":"Nunavut (Kitikmeot Region) West Centre group","locator":"DP47lq"},"NA-176":{"name":"Quebec Province (St Lawrence Gulf) Centre group","locator":"FO80me"},"NA-177":{"name":"Quebec Province (Gaspe Peninsula) group","locator":"FN78ap"},"NA-178":{"name":"California State Centre (Sonoma to Santa Cruz County) group","locator":"CM87qu"},"NA-179":{"name":"Guadalupe Island","locator":"DL09va"},"NA-180":{"name":"Stann Creek / Toledo District group","locator":"EK56vm"},"NA-181":{"name":"British Columbia Province (Estevan Group)","locator":"CO53eb"},"NA-182":{"name":"NWT (Inuvik Region) East group","locator":"CQ70ga"},"NA-183":{"name":"Guerrero State group","locator":"DK97td"},"NA-184":{"name":"California State North (Del Norte to Mendocino County) group","locator":"CN70xj"},"NA-185":{"name":"Nunavut (Keewatin Region) group","locator":"EP42ea"},"NA-186":{"name":"Nunavut (Hudson Bay - Manitoba Coast) group","locator":"EO48bj"},"NA-187":{"name":"California State Centre (Monterey / San Luis Obispo County) group","locator":"CM95iw"},"NA-188":{"name":"Oaxaca State group","locator":"EK15ux"},"NA-189":{"name":"Nayarit / Jalisco State group","locator":"DL70hu"},"NA-190":{"name":"El Salvador group","locator":"EK53nk"},"NA-191":{"name":"Guanacaste Province group","locator":"EK70fj"},"NA-192":{"name":"NWT (Inuvik Region) West group","locator":"CP39nn"},"NA-193":{"name":"Yukon Territory group","locator":"CP09ph"},"NA-194":{"name":"Newfoundland Province (Labrador) North group","locator":"FO89ml"},"NA-195":{"name":"Nunavut (Hudson Bay - Quebec Coast) Centre group","locator":"FO18bp"},"NA-196":{"name":"Nunavut (Belcher Islands) group","locator":"FO06kf"},"NA-197":{"name":"Kenai Peninsula Borough group","locator":"BO49um"},"NA-198":{"name":"Newfoundland's Coastal Islands","locator":"GN29ad"},"NA-199":{"name":"St Martin Coastal Islands","locator":"FK88lc"},"NA-200":{"name":"Quintana Roo State South group","locator":"EK69da"},"NA-201":{"name":"Ciego de Avila / Camaguey Province South group","locator":"FL00qw"},"NA-202":{"name":"Colon / Veraguas North Province group","locator":"EJ99wg"},"NA-203":{"name":"Los Santos / Herrera / Cocle Province group","locator":"EJ97us"},"NA-204":{"name":"Matanzas / Villa Clara / Sancti Spiritus Province group","locator":"EL92rj"},"NA-205":{"name":"Newfoundland Province (Labrador) Centre group","locator":"GO06fa"},"NA-206":{"name":"Barren Islands","locator":"BO38wv"},"NA-207":{"name":"Nunavut (Hudson Bay - Ontario Coast) South group","locator":"EO93mc"},"NA-208":{"name":"Nunavut (Kitikmeot Region) East group","locator":"EP59do"},"NA-209":{"name":"Caribbean Sea Coast South group","locator":"EK81fl"},"NA-210":{"name":"Nome Census Area Centre group","locator":"AP84ej"},"NA-211":{"name":"Oregon State group","locator":"CN74tc"},"NA-212":{"name":"Pacific Ocean Coast group","locator":"EK62pc"},"NA-213":{"name":"Alabama State group","locator":"EM60ak"},"NA-214":{"name":"Nome Census Area South group","locator":"AP93do"},"NA-215":{"name":"Northwest Arctic Borough group","locator":"AP86lx"},"NA-216":{"name":"Northern Alaska Peninsula West group","locator":"AO95fr"},"NA-217":{"name":"New Hampshire State group","locator":"FN42px"},"NA-218":{"name":"Las Tunas / Holguin / Granma Province group","locator":"FL20ao"},"NA-219":{"name":"Cay Sal Bank Cays","locator":"FL03at"},"NA-220":{"name":"Greenland's Coastal Islands South West","locator":"GP53hd"},"NA-221":{"name":"Veracruz State North group","locator":"EL11kd"},"NA-222":{"name":"Southern Alaska Peninsula West group","locator":"AO85vd"},"NA-223":{"name":"Gracias a Dios Department group","locator":"EK85go"},"NA-224":{"name":"Veracruz State South group","locator":"EK29hb"},"NA-225":{"name":"Nunavut (Prince of Wales and Somerset Islands) group","locator":"EQ12wq"},"NA-226":{"name":"Colima / Michoacan State group","locator":"DK88hm"},"NA-227":{"name":"Nunavut (Kitikmeot Region) West group","locator":"DP19fd"},"NA-228":{"name":"Caribbean Sea Coast North group","locator":"EK84lg"},"NA-229":{"name":"Nunavut (Hudson Bay - Quebec Coast) North East group","locator":"FO69ds"},"NA-230":{"name":"Nunavut (Ottawa Islands) group","locator":"EO99tm"},"NA-231":{"name":"Nunavut (Hudson Bay - Ontario Coast) North group","locator":"EO76ea"},"NA-232":{"name":"St Matthew Island","locator":"AP30qj"},"NA-233":{"name":"Delarof Islands","locator":"AO01pn"},"NA-234":{"name":"Islands of Four Mountains","locator":"AO42ss"},"NA-235":{"name":"Semidi Islands","locator":"BO15vw"},"NA-236":{"name":"Sanak Islands","locator":"AO84qj"},"NA-237":{"name":"Southern Alaska Peninsula East group","locator":"BO27dk"},"NA-238":{"name":"Southern Alaska Peninsula Centre group","locator":"BO06pe"},"NA-239":{"name":"Northern Alaska Peninsula East group","locator":"BO07rn"},"NA-240":{"name":"Bethel Census Area group","locator":"AO89hr"},"NA-241":{"name":"Kusilvak Census Area group","locator":"AP72rc"},"NA-242":{"name":"North Slope Borough West group","locator":"AP89de"},"NA-243":{"name":"Greenland's Coastal Islands North East group","locator":"HQ55wg"},"NA-244":{"name":"Marias Islands","locator":"DL61sn"},"NA-245":{"name":"Rocas Alijos Islands","locator":"DL24dv"},"NA-246":{"name":"Tamaulipas State Group","locator":"EL14gc"},"NA-247":{"name":"Sint Maarten's Coastal Islands","locator":"FK88la"},"NA-248":{"name":"NWT (Melville Island) group","locator":"DQ26vn"},"NA-249":{"name":"Puerto Rico's Coastal Islands","locator":"FK68rf"},"NA-250":{"name":"Yakutat Borough group","locator":"BO99nj"},"OC-001":{"name":"Australia","locator":"PG65rb"},"OC-002":{"name":"Christmas Island","locator":"OH29tm"},"OC-003":{"name":"Cocos (Keeling) Islands","locator":"NH88ka"},"OC-004":{"name":"Lord Howe Island","locator":"QF98ni"},"OC-005":{"name":"Norfolk Island","locator":"RG30xw"},"OC-006":{"name":"Tasmania","locator":"QE37eh"},"OC-007":{"name":"Willis Islets","locator":"QH53as"},"OC-008":{"name":"Bismarck Archipelago","locator":"QI55ap"},"OC-009":{"name":"Palau Islands","locator":"PJ77gm"},"OC-010":{"name":"Pohnpei Islands","locator":"QJ86vm"},"OC-011":{"name":"Chuuk Islands","locator":"QJ67ag"},"OC-012":{"name":"Yap Islands","locator":"PJ99bm"},"OC-013":{"name":"Rarotonga Island","locator":"BG08cu"},"OC-014":{"name":"Manihiki Atoll","locator":"AH99ls"},"OC-015":{"name":"Tuvalu Islands","locator":"RI91av"},"OC-016":{"name":"Viti Levu and Vanua Levu group","locator":"RH92jm"},"OC-017":{"name":"Gilbert Islands","locator":"RJ70kh"},"OC-018":{"name":"Banaba Island","locator":"RI49sd"},"OC-019":{"name":"Hawaiian Islands","locator":"BL10dp"},"OC-020":{"name":"Kure Atoll","locator":"AL08uk"},"OC-021":{"name":"Java Island","locator":"OI42wq"},"OC-022":{"name":"Bali Island","locator":"OI71mm"},"OC-023":{"name":"Johnston Atoll","locator":"AK56fr"},"OC-024":{"name":"Kiritimati Island;Christmas Island","locator":"BJ11iu"},"OC-025":{"name":"Admiralty Islands","locator":"QI37mo"},"OC-026":{"name":"Guam Island","locator":"QK23jk"},"OC-027":{"name":"Marquesas Islands","locator":"CI00et"},"OC-028":{"name":"Ralik Chain","locator":"RJ38qd"},"OC-029":{"name":"Ratak Chain","locator":"RJ59hd"},"OC-030":{"name":"Midway Islands","locator":"AL18hf"},"OC-031":{"name":"Nauru","locator":"RI39ln"},"OC-032":{"name":"New Caledonia Island","locator":"RG28um"},"OC-033":{"name":"Loyalty Islands","locator":"RG38pu"},"OC-034":{"name":"New Guinea (Papua New Guinea / Indonesia West Papua)","locator":"QI04lm"},"OC-035":{"name":"New Hebrides","locator":"RH42en"},"OC-036":{"name":"North Island","locator":"RF71tx"},"OC-037":{"name":"Campbell Island","locator":"RD47nk"},"OC-038":{"name":"Chatham Islands","locator":"AE16ta"},"OC-039":{"name":"Kermadec Islands","locator":"AF09tr"},"OC-040":{"name":"Niue Island","locator":"AH50bx"},"OC-041":{"name":"Ninigo group","locator":"QI28cs"},"OC-042":{"name":"Luzon Island","locator":"PK05xo"},"OC-043":{"name":"Phoenix Islands","locator":"AI46dg"},"OC-044":{"name":"Pitcairn Island","locator":"CG45tm"},"OC-045":{"name":"Tutuila Island","locator":"AH45qs"},"OC-046":{"name":"Windward Islands","locator":"BH52im"},"OC-047":{"name":"Solomon Islands","locator":"QI91qd"},"OC-048":{"name":"Tokelau Islands","locator":"AI41ba"},"OC-049":{"name":"Tongatapu group","locator":"AG28fg"},"OC-050":{"name":"Rurutu and Rimatara Islands","locator":"BG37xl"},"OC-051":{"name":"Rapa and Marotiri Islands","locator":"BG82bg"},"OC-052":{"name":"Duke of Gloucester Islands","locator":"BG89as"},"OC-053":{"name":"Wake Island","locator":"RK39hg"},"OC-054":{"name":"Wallis Islands","locator":"AH16wq"},"OC-055":{"name":"French Frigate Shoals","locator":"AL63vs"},"OC-056":{"name":"Henderson Island","locator":"CG55up"},"OC-057":{"name":"Maupihaa group","locator":"BH23uq"},"OC-058":{"name":"D'Entrecasteaux Reefs","locator":"RH11ns"},"OC-059":{"name":"Kosrae Island","locator":"RJ15lh"},"OC-060":{"name":"Rotuma Island","locator":"RH87mm"},"OC-062":{"name":"Pukapuka Atoll","locator":"CH05nd"},"OC-063":{"name":"Gambier Islands","locator":"CG26ot"},"OC-064":{"name":"Vava'u group","locator":"AH21ul"},"OC-065":{"name":"Reef Islands;Swallow Islands","locator":"RH29xs"},"OC-066":{"name":"Tuamotu Archipelago","locator":"BH81gj"},"OC-067":{"name":"Leeward Islands","locator":"BH43ek"},"OC-068":{"name":"Snares Islands","locator":"RE31gx"},"OC-069":{"name":"Lihir group","locator":"QI66hx"},"OC-070":{"name":"Seram group","locator":"PI46fs"},"OC-071":{"name":"Western Australia State (North Coast) West group","locator":"PH13rn"},"OC-072":{"name":"Mellish Reef","locator":"QH72wn"},"OC-073":{"name":"Minami Torishima","locator":"QL64xg"},"OC-074":{"name":"Auckland Islands","locator":"RD39bh"},"OC-075":{"name":"Riau Islands","locator":"OJ20bu"},"OC-076":{"name":"Sula Islands","locator":"PI28qa"},"OC-077":{"name":"Manua Islands","locator":"AH55es"},"OC-078":{"name":"Ulithi Atoll","locator":"QJ09aw"},"OC-079":{"name":"Belep Islands","locator":"RH10sm"},"OC-080":{"name":"Suwarrow Atoll;Suvorov Atoll","locator":"AH86lq"},"OC-081":{"name":"Jarvis Island","locator":"AI99xo"},"OC-082":{"name":"Penrhyn Atoll;Tongareva Atoll","locator":"BI11aa"},"OC-083":{"name":"Aitutaki group","locator":"BH00ql"},"OC-084":{"name":"Tabuaeran and Teraina Islands;Fanning and Washington Islands","locator":"BJ04bg"},"OC-085":{"name":"Palmyra Atoll","locator":"AJ85wv"},"OC-086":{"name":"Northern Mariana Islands","locator":"QK27ri"},"OC-087":{"name":"Enewetak Atoll;Eniwetok Atoll","locator":"RK11dm"},"OC-088":{"name":"Borneo (East Malaysia / Brunei / Indonesia Kalimantan)","locator":"OJ71ak"},"OC-089":{"name":"Baker and Howland Islands","locator":"AJ10rm"},"OC-090":{"name":"Calamian group","locator":"PK02bb"},"OC-091":{"name":"Polillo Islands","locator":"PK14bu"},"OC-092":{"name":"Babuyan Islands","locator":"PK09tf"},"OC-093":{"name":"Batan Islands","locator":"PL00xm"},"OC-094":{"name":"Disappointment Islands","locator":"BH95iw"},"OC-095":{"name":"Lau group","locator":"AH01oc"},"OC-096":{"name":"Kingman Reef","locator":"AJ86tk"},"OC-097":{"name":"Samoa Islands","locator":"AH36xi"},"OC-098":{"name":"Pukapuka Atoll;Danger Islands","locator":"AH78es"},"OC-099":{"name":"Tabar Islands","locator":"QI67ae"},"OC-100":{"name":"Nendo Island","locator":"RH29xg"},"OC-101":{"name":"Feni Islands","locator":"QI65tw"},"OC-102":{"name":"Tanga Islands","locator":"QI66pl"},"OC-103":{"name":"St Matthias group","locator":"QI48vm"},"OC-104":{"name":"Banks Islands","locator":"RH36ud"},"OC-105":{"name":"Cagayan de Sulu group","locator":"OJ97gj"},"OC-106":{"name":"Natuna Besar Islands","locator":"OJ34xe"},"OC-107":{"name":"Lingga Islands","locator":"OI29gs"},"OC-108":{"name":"Anambas Islands","locator":"OJ22wv"},"OC-109":{"name":"Natuna Selatan Islands;Subi Besar Islands","locator":"OJ42et"},"OC-110":{"name":"Torres Islands","locator":"RH36hr"},"OC-111":{"name":"Shepherd Islands","locator":"RH43ga"},"OC-112":{"name":"Conway Reef","locator":"RG78hg"},"OC-113":{"name":"Actaeon group","locator":"CG18xj"},"OC-114":{"name":"Raivavae Island","locator":"BG66ed"},"OC-115":{"name":"Trobriand Islands","locator":"QI51jj"},"OC-116":{"name":"D'Entrecasteaux Islands","locator":"QI50jj"},"OC-117":{"name":"Louisiade Archipelago","locator":"QH69lb"},"OC-118":{"name":"Hoorn Islands","locator":"AH05wq"},"OC-119":{"name":"Jolo group","locator":"PJ05pr"},"OC-120":{"name":"Cuyo Islands","locator":"PK01lb"},"OC-121":{"name":"Mamanuca group;Mamanutha","locator":"RH82oi"},"OC-122":{"name":"Tambelan Islands","locator":"OJ30pq"},"OC-123":{"name":"Niuafo'ou Island","locator":"AH24ek"},"OC-124":{"name":"Palmerston Atoll","locator":"AH81kv"},"OC-125":{"name":"Semirara Islands","locator":"PK01rx"},"OC-126":{"name":"Lubang Islands","locator":"PK03cs"},"OC-127":{"name":"Rennell Island","locator":"RH08ck"},"OC-128":{"name":"Palawan Island","locator":"OJ99hp"},"OC-129":{"name":"Visayan Islands","locator":"PK10wv"},"OC-130":{"name":"Mindanao Island","locator":"PJ27dq"},"OC-131":{"name":"King George Islands","locator":"BH75gj"},"OC-132":{"name":"Yap Centre group","locator":"QJ27dw"},"OC-133":{"name":"Sabah's Coastal Islands","locator":"OJ85ot"},"OC-134":{"name":"South Island","locator":"RE56ej"},"OC-135":{"name":"North Solomon Islands","locator":"QI74ob"},"OC-136":{"name":"Victoria State Centre group","locator":"QF21sg"},"OC-137":{"name":"Queensland State (South Coast) South group","locator":"QG62qw"},"OC-138":{"name":"Queensland State (Torres Strait) group","locator":"QH19mx"},"OC-139":{"name":"South Australia State East Centre group","locator":"PF85mj"},"OC-140":{"name":"Western Australia State (N.W. Coast) West group","locator":"OG77hs"},"OC-141":{"name":"Northern Territory (Gulf of Carpentaria) North group","locator":"PH86ea"},"OC-142":{"name":"Queensland State (South Coast) Centre group","locator":"QG65cm"},"OC-143":{"name":"Sumatra Island","locator":"OI09hu"},"OC-144":{"name":"Bangka and Belitung Islands","locator":"OI37kq"},"OC-145":{"name":"Halmahera group","locator":"PJ30wt"},"OC-146":{"name":"Celebes (Sulawesi) Island","locator":"PI08xa"},"OC-147":{"name":"West Papua�s Coastal Islands North","locator":"PI88se"},"OC-148":{"name":"Timor Island","locator":"PI20qp"},"OC-149":{"name":"New Georgia Islands","locator":"QI81qt"},"OC-150":{"name":"Tenggara Barat Islands","locator":"OI81sj"},"OC-151":{"name":"Tenggara Timur Islands","locator":"PI10aq"},"OC-152":{"name":"Tubuai Island","locator":"BG56gp"},"OC-153":{"name":"Papua New Guinea's Coastal Islands South","locator":"QI11wo"},"OC-154":{"name":"Western Australia State (North Coast) East group","locator":"PH35ro"},"OC-155":{"name":"West Chuuk group","locator":"QJ47vt"},"OC-156":{"name":"Yasawa group","locator":"RH83pa"},"OC-157":{"name":"Banda Islands","locator":"PI45wm"},"OC-158":{"name":"Florida Islands","locator":"RI00cx"},"OC-159":{"name":"Mangaia Island","locator":"BG18ac"},"OC-160":{"name":"Queensland State (South Coast) North group","locator":"QG58fm"},"OC-161":{"name":"Nias and Batu Islands","locator":"NJ80xl"},"OC-162":{"name":"Shortland Islands","locator":"QI72ww"},"OC-163":{"name":"Vanikolo and Utupua Islands","locator":"RH38io"},"OC-164":{"name":"Western Australia State (S.W. Coast) South group","locator":"OF77pg"},"OC-165":{"name":"Sarawak's Coastal Islands","locator":"OJ63gg"},"OC-166":{"name":"Kalimantan's Coastal Islands East","locator":"OI89iw"},"OC-167":{"name":"Kapingamarangi Atoll","locator":"QJ71jb"},"OC-168":{"name":"Russell Islands","locator":"QI90mw"},"OC-169":{"name":"Ha'apai Group","locator":"AG29nv"},"OC-170":{"name":"Western Australia State (South Coast) East Centre group","locator":"PF16jf"},"OC-171":{"name":"Queensland State (North Coast) South group","locator":"QH31pg"},"OC-172":{"name":"Queensland State (North Coast) Centre group","locator":"QH33bs"},"OC-173":{"name":"Northern Territory (Arafura Sea Coast) West group","locator":"PH56ev"},"OC-174":{"name":"Tawi Tawi group","locator":"PJ04aw"},"OC-175":{"name":"Sarangani Islands","locator":"PJ25qk"},"OC-176":{"name":"Chesterfield Islands","locator":"QG99iu"},"OC-177":{"name":"Seribu Islands","locator":"OI34hi"},"OC-178":{"name":"Tikopia and Anuta Islands","locator":"RH48sa"},"OC-179":{"name":"Duff Islands","locator":"RI30nc"},"OC-180":{"name":"Ngulu Atoll","locator":"PJ88sm"},"OC-181":{"name":"Witu Islands","locator":"QI45qg"},"OC-182":{"name":"Ducie Island","locator":"CG75oi"},"OC-183":{"name":"Western Australia State (S.W. Coast) Centre group","locator":"OG70is"},"OC-184":{"name":"Brunei's Coastal Islands","locator":"OJ74iv"},"OC-185":{"name":"Northern Territory (Arafura Sea Coast) East group","locator":"PH78wa"},"OC-186":{"name":"Karimunjawa Islands","locator":"OI54ed"},"OC-187":{"name":"Queensland State (North Coast) North group","locator":"QH27dc"},"OC-188":{"name":"Pangutaran group","locator":"PJ06da"},"OC-189":{"name":"Ringgold Islands","locator":"AH03gq"},"OC-190":{"name":"Rose Atoll","locator":"AH55vm"},"OC-191":{"name":"Niuatoputapu Island","locator":"AH34dc"},"OC-192":{"name":"Ontong Java Atoll","locator":"QI94qp"},"OC-193":{"name":"Western Australia State (South Coast) West Centre group","locator":"OF95vo"},"OC-194":{"name":"New South Wales State North group","locator":"QG60pd"},"OC-195":{"name":"Furneaux Group","locator":"QF30tb"},"OC-196":{"name":"Victoria State East group","locator":"QF41fx"},"OC-197":{"name":"Bawean Island","locator":"OI64hd"},"OC-198":{"name":"Northern Territory (Gulf of Carpentaria) South group","locator":"PH84jg"},"OC-199":{"name":"Western Australia State (N.W. Coast) Centre group","locator":"OG99as"},"OC-200":{"name":"Swains Island","locator":"AH48kw"},"OC-201":{"name":"North Island's Coastal Islands","locator":"RF72qd"},"OC-202":{"name":"Calagua Islands","locator":"PK14kk"},"OC-203":{"name":"South Island's Coastal Islands","locator":"RE56fa"},"OC-204":{"name":"Enggano Island","locator":"OI14dn"},"OC-205":{"name":"Woodlark group;Muyua group","locator":"QI60ht"},"OC-206":{"name":"Western Australia State (S.W. Coast) North group","locator":"OG64tg"},"OC-207":{"name":"Cagayan Islands","locator":"PJ09gf"},"OC-208":{"name":"Banggai Islands","locator":"PI18rh"},"OC-209":{"name":"Talaud Islands","locator":"PJ34kh"},"OC-210":{"name":"Sangihe Islands","locator":"PJ23sj"},"OC-211":{"name":"Houtman Abrolhos","locator":"OG61wj"},"OC-212":{"name":"New South Wales State Centre group","locator":"QF57wa"},"OC-213":{"name":"Togian Islands","locator":"PI19bp"},"OC-214":{"name":"Western Australia State (N.W. Coast) East group","locator":"PH01ru"},"OC-215":{"name":"Mentawai Islands","locator":"NI97vo"},"OC-216":{"name":"Ashmore and Cartier Islands","locator":"PH17qo"},"OC-217":{"name":"Kangean Islands","locator":"OI73ue"},"OC-218":{"name":"Matthew and Hunter Islands","locator":"RG57up"},"OC-219":{"name":"Tukangbesi Islands; Wakatobi Islands","locator":"PI24ag"},"OC-220":{"name":"South Australia State West group","locator":"PF57rw"},"OC-221":{"name":"Kai Islands","locator":"PI64gj"},"OC-222":{"name":"Obi Islands","locator":"PI48bm"},"OC-223":{"name":"New South Wales State South group","locator":"QF54ea"},"OC-224":{"name":"Tanimbar Islands","locator":"PI52pm"},"OC-225":{"name":"Turtle Islands","locator":"OJ96dg"},"OC-226":{"name":"Mwokil and Pingelap Atolls;Mokil and Pingelap Atolls","locator":"RJ06dk"},"OC-227":{"name":"Queensland State (Gulf of Carpentaria) South group","locator":"PH93sa"},"OC-228":{"name":"South Australia State East group","locator":"PF93ue"},"OC-229":{"name":"Northern Territory (Arafura Sea Coast) Centre group","locator":"PH68ni"},"OC-230":{"name":"Rowley Shoals","locator":"OH92op"},"OC-231":{"name":"Green Islands","locator":"QI75bm"},"OC-232":{"name":"East Timor's Coastal Islands","locator":"PI21vf"},"OC-233":{"name":"Tasmania's Coastal Islands","locator":"QE38aj"},"OC-234":{"name":"Browse Island","locator":"PH15sw"},"OC-235":{"name":"Mindanao's Coastal Islands","locator":"PJ28aa"},"OC-236":{"name":"Celebes's Coastal Islands","locator":"PI07lp"},"OC-237":{"name":"Java's Coastal Islands","locator":"OI42xp"},"OC-238":{"name":"Pukarua and Reao Atolls","locator":"CH11pm"},"OC-239":{"name":"West Papua�s Coastal Islands West","locator":"PI58tj"},"OC-240":{"name":"Papua New Guinea's Coastal Islands East","locator":"QI41np"},"OC-241":{"name":"Timor Barat's Coastal Islands","locator":"PH19ww"},"OC-242":{"name":"Bonerate and Taka' Bonerate Islands","locator":"PI03qb"},"OC-243":{"name":"Western Australia State (South Coast) West group","locator":"OF85hg"},"OC-244":{"name":"Luzon's Coastal Islands","locator":"PK15bf"},"OC-245":{"name":"Sumatra's Coastal Islands North","locator":"NJ93rb"},"OC-246":{"name":"Leti and Sermata Islands","locator":"PI41ds"},"OC-247":{"name":"Sabalana and Tengah Islands","locator":"OI92cw"},"OC-248":{"name":"Sonsorol Islands","locator":"PJ54ur"},"OC-249":{"name":"Aru Islands","locator":"PI73gs"},"OC-250":{"name":"Masalembu Islands","locator":"OI74gq"},"OC-251":{"name":"Victoria State West group","locator":"QF11fm"},"OC-252":{"name":"Kalimantan's Coastal Islands West","locator":"OI59oh"},"OC-253":{"name":"Hall Islands","locator":"QJ58wn"},"OC-254":{"name":"Mortlock Islands","locator":"QJ65sn"},"OC-255":{"name":"Queensland State (Gulf of Carpentaria) North group","locator":"QH07uo"},"OC-256":{"name":"Kilinailau Islands;Tulun Islands","locator":"QI75qg"},"OC-257":{"name":"Nuguria Islands","locator":"QI76hr"},"OC-258":{"name":"Papua New Guinea's Coastal Islands North","locator":"QI15wu"},"OC-259":{"name":"Nukuoro Atoll","locator":"QJ73lu"},"OC-260":{"name":"Oroluk Atoll","locator":"QJ77pm"},"OC-261":{"name":"South Australia State West Centre group","locator":"PF76ig"},"OC-262":{"name":"Sumatra's Coastal Islands South","locator":"OI16lv"},"OC-263":{"name":"Taongi Atoll;Bokaak Atoll","locator":"RK44lo"},"OC-264":{"name":"Maria Island","locator":"BG28pe"},"OC-265":{"name":"Coral Sea Islands Territory South","locator":"QG78ha"},"OC-266":{"name":"Western Australia State (North Coast) Centre group","locator":"PH24lv"},"OC-267":{"name":"Coral Sea Islands Territory North","locator":"QH52db"},"OC-268":{"name":"Laut Kecil Islands","locator":"OI75vg"},"OC-269":{"name":"Karimata Islands","locator":"OI48kj"},"OC-270":{"name":"Simeulue and Banyak Islands","locator":"NJ82gj"},"OC-271":{"name":"Babar Islands","locator":"PI42vc"},"OC-272":{"name":"Barat Daya Islands","locator":"PI43ae"},"OC-273":{"name":"Gorong and Watubela Islands","locator":"PI55rp"},"OC-274":{"name":"Lucipara and Penyu Islands","locator":"PI34tm"},"OC-275":{"name":"West Papua�s Coastal Islands South","locator":"PI83sm"},"OC-276":{"name":"Mapia Islands","locator":"PJ70dv"},"OC-277":{"name":"Sorol Atoll","locator":"QJ08ed"},"OC-278":{"name":"Ujelang Atoll","locator":"RJ09jv"},"OC-279":{"name":"Malden Island","locator":"BI26ma"},"OC-280":{"name":"Starbuck Island","locator":"BI24aj"},"OC-281":{"name":"Caroline Island;Millennium Island","locator":"BI40va"},"OC-282":{"name":"Vostok and Flint Islands","locator":"BH39xg"},"OC-283":{"name":"Tauu Islands;Takuu Islands","locator":"QI85me"},"OC-284":{"name":"Nukumanu Islands","locator":"QI95ql"},"OC-285":{"name":"Sikaiana Atoll;Stewart Islands","locator":"RI11jp"},"OC-286":{"name":"Antipodes Islands","locator":"RE90ji"},"OC-287":{"name":"Bounty Islands","locator":"RE92ni"},"OC-288":{"name":"Nihoa Island","locator":"AL93ab"},"OC-289":{"name":"Necker Island","locator":"AL73pn"},"OC-290":{"name":"Gardner Pinnacles","locator":"AL55xa"},"OC-291":{"name":"Laysan Island","locator":"AL45ds"},"OC-292":{"name":"Lisianski Island","locator":"AL36ab"},"OC-293":{"name":"Pearl and Hermes Atoll","locator":"AL27bu"},"OC-294":{"name":"Sandy Island","locator":"PH05wx"},"OC-295":{"name":"Sebatik Island","locator":"OJ84vd"},"OC-296":{"name":"Tobi and Helen Islands","locator":"PJ52sv"},"OC-297":{"name":"Morane Atoll","locator":"CG16ku"},"OC-298":{"name":"Tatakoto Atoll","locator":"CH02tp"},"OC-299":{"name":"Yap East group","locator":"QJ37is"},"OC-300":{"name":"McKean and Nikumaroro Atolls","locator":"AI36bg"},"SA-001":{"name":"Easter Island","locator":"DG52hv"},"SA-002":{"name":"Falkland Islands","locator":"GD08ga"},"SA-003":{"name":"Fernando De Noronha Archipelago","locator":"HI36te"},"SA-004":{"name":"Galapagos","locator":"EJ40qb"},"SA-005":{"name":"Juan Fernandez Archipelago (Robinson Crusoe Island)","locator":"FF06ni"},"SA-006":{"name":"Bonaire Island;Remnant Leeward Netherlands Antilles","locator":"FK52ud"},"SA-007":{"name":"Malpelo","locator":"EJ93ex"},"SA-008":{"name":"Tierra del Fuego","locator":"FD56qg"},"SA-009":{"name":"Tobago","locator":"FK91pg"},"SA-010":{"name":"Trindade & Martin Vaz","locator":"HG59kl"},"SA-011":{"name":"Trinidad","locator":"FK90hl"},"SA-012":{"name":"Nueva Esparta State group","locator":"FK70ww"},"SA-013":{"name":"San Felix & San Ambrosio;Los Desventurados","locator":"EG93xq"},"SA-014":{"name":"St.Peter & St.Paul Rocks","locator":"HJ50hw"},"SA-015":{"name":"Los Monjes Archipelago","locator":"FK42nl"},"SA-016":{"name":"Maranhao State Centre group","locator":"GI87dl"},"SA-017":{"name":"Cauca / Valle Division group","locator":"FJ13di"},"SA-018":{"name":"Los Lagos Region South group","locator":"FE37dq"},"SA-019":{"name":"Abrolhos Archipelago","locator":"HH02qa"},"SA-020":{"name":"French Guiana group","locator":"GJ34ox"},"SA-021":{"name":"Buenos Aires (Bahia Blanca) Province group","locator":"FF90du"},"SA-022":{"name":"Buenos Aires (Bahia Anegada) Province group","locator":"FE89tr"},"SA-023":{"name":"Bahia State North group","locator":"HH07xp"},"SA-024":{"name":"Sao Paulo State West group","locator":"GG65fd"},"SA-025":{"name":"Piaui State group","locator":"GI97ee"},"SA-026":{"name":"Santa Catarina State Centre group","locator":"GG52si"},"SA-027":{"name":"Santa Catarina State North group","locator":"GG53si"},"SA-028":{"name":"Sao Paulo State East group","locator":"GG76kh"},"SA-029":{"name":"Rio De Janeiro State West group","locator":"GG76wt"},"SA-030":{"name":"San Jose / Montevideo / Canelones Dept group","locator":"GF15ug"},"SA-031":{"name":"Wollaston & Hermite Islands","locator":"FD64ih"},"SA-032":{"name":"Ultima Esperanza Province North group","locator":"FD29pv"},"SA-033":{"name":"Manabi Province group","locator":"EI99ri"},"SA-034":{"name":"Guayas / El Oro Province group","locator":"EI97tl"},"SA-035":{"name":"Los Roques Islands","locator":"FK61pu"},"SA-036":{"name":"Aruba","locator":"FK52am"},"SA-037":{"name":"Blanquilla group","locator":"FK71su"},"SA-038":{"name":"Atol Das Rocas","locator":"HI36be"},"SA-039":{"name":"Maldonado / Rocha Department group","locator":"GF25tn"},"SA-040":{"name":"Bolivar / Atlantico Division group","locator":"FK20ip"},"SA-041":{"name":"Maranhao State West group","locator":"GI77jx"},"SA-042":{"name":"Para State West group","locator":"GJ40qb"},"SA-043":{"name":"Aisen Region North group","locator":"FE35ap"},"SA-044":{"name":"La Tortuga","locator":"FK70ix"},"SA-045":{"name":"Amapa State group","locator":"GJ41px"},"SA-046":{"name":"Pernambuco State group","locator":"HI21nt"},"SA-047":{"name":"Parana State group","locator":"GG54ti"},"SA-048":{"name":"Sucre State East group","locator":"FK80ol"},"SA-049":{"name":"Tierra del Fuego Coastal Islands","locator":"FD66xd"},"SA-050":{"name":"Antartica Chilena Province group","locator":"FD55ia"},"SA-051":{"name":"Las Aves Islands","locator":"FK62fa"},"SA-052":{"name":"Lima Department group","locator":"FH18la"},"SA-053":{"name":"Aisen Region South group","locator":"FE22qg"},"SA-054":{"name":"Orchila Island","locator":"FK61wu"},"SA-055":{"name":"Buenos Aires (Delta Del Parana) Prov group","locator":"GF05ts"},"SA-056":{"name":"Esmeraldas Province group","locator":"FJ00gv"},"SA-057":{"name":"Colonia Department group","locator":"GF15cs"},"SA-058":{"name":"Carabobo / Aragua / DF /Miranda State group","locator":"FK60nm"},"SA-059":{"name":"Los Testigos group","locator":"FK81hi"},"SA-060":{"name":"Para State East group","locator":"GI69ee"},"SA-061":{"name":"La Araucania Reg / Los Lagos Reg North group","locator":"FF30ei"},"SA-062":{"name":"Bahia State South group","locator":"HH02ju"},"SA-063":{"name":"Monagas / Delta Amacuro State group","locator":"FJ99jg"},"SA-064":{"name":"Aisen Region Centre group","locator":"FE24rd"},"SA-065":{"name":"Chubut Province South group","locator":"FE65ua"},"SA-066":{"name":"Zulia State group","locator":"FK41eh"},"SA-067":{"name":"Espirito Santo State group","locator":"GH90ue"},"SA-068":{"name":"Guyana group","locator":"GJ07sd"},"SA-069":{"name":"Antofagasta Region group","locator":"FG46sf"},"SA-070":{"name":"Bio-Bio Region group","locator":"FF32is"},"SA-071":{"name":"Sao Paulo State Centre group","locator":"GG65vu"},"SA-072":{"name":"Maranhao State East group","locator":"GI87si"},"SA-073":{"name":"Ica Department group","locator":"FH25ep"},"SA-074":{"name":"Ancash Department group","locator":"FI00te"},"SA-075":{"name":"La Libertad Department group","locator":"FI01jw"},"SA-076":{"name":"Tumbes / Piura / Lambayeque Department group","locator":"EI94rr"},"SA-077":{"name":"Rio De Janeiro State East group","locator":"GG97fu"},"SA-078":{"name":"Cordoba / Sucre Division group","locator":"FJ29am"},"SA-079":{"name":"Rio De Janeiro State Centre group","locator":"GG86nw"},"SA-080":{"name":"Bahia State Centre group","locator":"HH05nj"},"SA-081":{"name":"Narino Division group","locator":"FJ02rb"},"SA-082":{"name":"Magdalena / Guajira Division group","locator":"FK31nr"},"SA-083":{"name":"Salas y Gomez Island","locator":"DG73gm"},"SA-084":{"name":"Choco Division South group","locator":"FJ15fp"},"SA-085":{"name":"Atacama Region group","locator":"FG42jj"},"SA-086":{"name":"Coquimbo / Valparaiso Region group","locator":"FF48em"},"SA-087":{"name":"Santa Cruz Province North group","locator":"FE62rm"},"SA-088":{"name":"Santa Catarina State South group","locator":"GG51ki"},"SA-089":{"name":"Falcon State group","locator":"FK51dj"},"SA-090":{"name":"Anzoategui State / Sucre State west group","locator":"FK70qj"},"SA-091":{"name":"Magallanes Province group","locator":"FD36qk"},"SA-092":{"name":"Suriname group","locator":"GJ25ft"},"SA-093":{"name":"Choco Division North / Antioquia Division group","locator":"FJ18nj"},"SA-094":{"name":"Ultima Esperanza Province South group","locator":"FD27ss"},"SA-095":{"name":"O'Higgins / Maule region group","locator":"FF35tb"},"SA-096":{"name":"Chubut Province North group","locator":"FE77ta"},"SA-097":{"name":"Diego Ramirez Islands","locator":"FD53pm"},"SA-098":{"name":"Arequipa / Moquegua / Tacna Department group","locator":"FH33pc"},"SA-099":{"name":"Curacao Island","locator":"FK52nf"},"SA-100":{"name":"Arica and Parinacota/Tarapaca Region group","locator":"FH40vc"},"SA-101":{"name":"Alejandro Selkirk Island","locator":"EF96og"}}